{"schemaVersion":"1.0","appDefinitionTemplate":{"id":"/providers/Microsoft.PowerApps/apps/","type":"Microsoft.PowerApps/apps","tags":{"primaryDeviceWidth":"640","primaryDeviceHeight":"1136","sienaVersion":"20220417T060205Z-3.22034.17.0","deviceCapabilities":"","supportsPortrait":"true","supportsLandscape":"true","primaryFormFactor":"Phone","publisherVersion":"3.22034.17","minimumRequiredApiVersion":"2.2.0","hasComponent":"false","hasUnlockedComponent":"false","isUnifiedRootApp":"false"},"properties":{"appVersion":"2022-04-17T06:02:05Z","lifeCycleId":"Published","createdByClientVersion":{"major":3,"minor":22034,"build":17,"revision":0,"majorRevision":0,"minorRevision":0},"minClientVersion":{"major":3,"minor":22034,"build":17,"revision":0,"majorRevision":0,"minorRevision":0},"backgroundColor":"rgba(0, 134, 208, 1)","backgroundImageUri":"/1080574644623628684/N2a44832f-a87d-4d85-b109-2e6da92fcfc8-logoSmallFile","displayName":"SAMN","description":"","commitMessage":"","appUris":{"documentUri":{"value":"/1080574644623628684/N72f03634-9a72-4d32-a8d0-a16805eaa08f-document.msapp"},"imageUris":[]},"createdTime":"0001-01-01T00:00:00Z","lastModifiedTime":"0001-01-01T00:00:00Z","sharedGroupsCount":0,"sharedUsersCount":0,"icons":{"smallIconUri":"/1080574644623628684/Na07ead8a-77a7-481d-880f-ac15482e98a6-small.png","mediumIconUri":"/1080574644623628684/N7411d053-82e0-46c8-a444-6e3ccdb88d7b-medium.png","largeIconUri":"/1080574644623628684/N89d2e44c-5936-4556-b379-98d2c4e483ba-large.png","wideIconUri":"/1080574644623628684/N96d6f855-ee08-4ef2-82ae-2b6718681ea8-wide.png"},"connectionReferences":{"0dc75487-75a7-4303-93aa-10f4bfe97e70":{"id":"0fb41307-d189-48a0-9ae5-7d01757a5039","displayName":"Office 365 Outlook","iconUri":"https://connectoricons-prod.azureedge.net/releases/v1.0.1566/1.0.1566.2741/office365/icon.png","dataSources":["Office365Outlook"],"dependencies":[],"dependents":[],"parameterHints":{},"parameterHintsV2":{},"isOnPremiseConnection":false,"bypassConsent":false,"dataSets":{},"apiTier":"Standard","isCustomApiConnection":false,"actions":["GetRoomsInRoomList","FindMeetingTimes","GetRoomLists","GetRooms","CalendarGetTables","V2CalendarPostItem"]},"f867755c-0163-4ce7-bba6-287c4b14aa0a":{"id":"4116ef3e-d825-496b-912f-c1d68f92fb34","displayName":"Usuarios de Office 365","iconUri":"https://connectoricons-prod.azureedge.net/releases/v1.0.1563/1.0.1563.2732/office365users/icon.png","dataSources":["UsuariosdeOffice365"],"dependencies":[],"dependents":[],"parameterHints":{},"parameterHintsV2":{},"isOnPremiseConnection":false,"bypassConsent":false,"dataSets":{},"apiTier":"Standard","isCustomApiConnection":false,"actions":["SearchUser","UserPhoto"]},"15763e7f-8815-435b-b998-962786b65b0e":{"id":"b8af73a0-2a75-4e48-ad90-82d4979f204c","displayName":"Power Apps para creadores","iconUri":"https://connectoricons-prod.azureedge.net/releases/v1.0.1551/1.0.1551.2693/powerappsforappmakers/icon.png","dataSources":["PowerAppsparacreadores"],"dependencies":[],"dependents":[],"parameterHints":{},"parameterHintsV2":{},"isOnPremiseConnection":false,"bypassConsent":false,"dataSets":{},"apiTier":"Standard","isCustomApiConnection":false},"170a7089-4834-442e-aefe-49e9d222e134":{"id":"2447ef8d-8338-49ac-8a2d-7f81277225bd","displayName":"SharePoint","iconUri":"https://connectoricons-prod.azureedge.net/releases/v1.0.1563/1.0.1563.2732/sharepointonline/icon.png","dataSources":["Testimonio","Testimonio_Comentarios","Videollamada","Personaje","Usuario","PreguntaJuego","AsignacionUsuario","MensajePersonalizado","Evaluacion","ContactoCercano","Juego","IntentosJuego","Encuesta"],"dependencies":[],"dependents":[],"parameterHints":{},"parameterHintsV2":{},"isOnPremiseConnection":false,"bypassConsent":false,"dataSets":{"https://upcedupe.sharepoint.com/EISC/Talleres/PRY2021215":{"dataSources":{"Testimonio":{"tableName":"099d692d-bf21-4eeb-8714-0023066a0274"},"Testimonio_Comentarios":{"tableName":"14b49a75-3828-4ac0-a1fa-fc8078fc516c"},"Videollamada":{"tableName":"1b1d852f-6c8c-4e23-aea9-f27d8a01ef26"},"Personaje":{"tableName":"68730ec3-7272-49a4-aa02-f22e0c1d351b"},"Usuario":{"tableName":"5ba49fc8-e47a-4764-8f91-438d02a0abc9"},"PreguntaJuego":{"tableName":"03f6269a-8a36-4378-bcc1-9d15bda7fef4"},"AsignacionUsuario":{"tableName":"e8a01ad1-835b-44f9-96f4-91306a951a04"},"MensajePersonalizado":{"tableName":"0b1b5cf6-942b-43a6-ba5b-3923db6ee8d7"},"Evaluacion":{"tableName":"3dbe8a3a-4b56-45ae-bff0-fe2fccc5c775"},"ContactoCercano":{"tableName":"12cd2401-eec6-4e55-bd62-6ff82af822ae"},"Juego":{"tableName":"1a54ab58-75e0-486d-823c-e8b2b7d9c93b"},"IntentosJuego":{"tableName":"b4c408db-f57f-4881-b0d4-2762f65920be"},"Encuesta":{"tableName":"340e476d-8091-4b3f-896c-3320d8be1b41"}}}},"apiTier":"Standard","isCustomApiConnection":false,"actions":["providers/PowerPlatform.Governance/Operations/Read","providers/PowerPlatform.Governance/Operations/Write"]}},"databaseReferences":{},"almMode":"Environment","performanceOptimizationEnabled":true,"canConsumeAppPass":true,"executionRestrictions":{"isTeamsOnly":false,"dataLossPreventionEvaluationResult":{"status":"Compliant","lastEvaluationDate":"2022-02-15T06:36:43.3873869Z","violations":[],"violationsByPolicy":[],"violationErrorMessage":"La aplicación usa los siguientes conectores: shared_office365, shared_office365users, shared_powerappsforappmakers, shared_sharepointonline."}}},"appType":"ClassicCanvasApp","appComponents":[]}}